123mail.org,webmail domain(123mail.org),webmail,webmail_domains
150mail.com,webmail domain(150mail.com),webmail,webmail_domains
150ml.com,webmail domain(150ml.com),webmail,webmail_domains
16mail.com,webmail domain(16mail.com),webmail,webmail_domains
2-mail.com,webmail domain(2-mail.com),webmail,webmail_domains
2trom.com,webmail domain(2trom.com),webmail,webmail_domains
4email.net,webmail domain(4email.net),webmail,webmail_domains
50mail.com,webmail domain(50mail.com),webmail,webmail_domains
aapt.net.au,webmail domain(aapt.net.au),webmail,webmail_domains
accountant.com,webmail domain(accountant.com),webmail,webmail_domains
acdcfan.com,webmail domain(acdcfan.com),webmail,webmail_domains
activist.com,webmail domain(activist.com),webmail,webmail_domains
adam.com.au,webmail domain(adam.com.au),webmail,webmail_domains
adexec.com,webmail domain(adexec.com),webmail,webmail_domains
africamail.com,webmail domain(africamail.com),webmail,webmail_domains
aircraftmail.com,webmail domain(aircraftmail.com),webmail,webmail_domains
airpost.net,webmail domain(airpost.net),webmail,webmail_domains
allergist.com,webmail domain(allergist.com),webmail,webmail_domains
allmail.net,webmail domain(allmail.net),webmail,webmail_domains
alumni.com,webmail domain(alumni.com),webmail,webmail_domains
alumnidirector.com,webmail domain(alumnidirector.com),webmail,webmail_domains
angelic.com,webmail domain(angelic.com),webmail,webmail_domains
anonymous.to,webmail domain(anonymous.to),webmail,webmail_domains
aol.com,webmail domain(aol.com),webmail,webmail_domains
appraiser.net,webmail domain(appraiser.net),webmail,webmail_domains
archaeologist.com,webmail domain(archaeologist.com),webmail,webmail_domains
arcticmail.com,webmail domain(arcticmail.com),webmail,webmail_domains
artlover.com,webmail domain(artlover.com),webmail,webmail_domains
asia-mail.com,webmail domain(asia-mail.com),webmail,webmail_domains
asia.com,webmail domain(asia.com),webmail,webmail_domains
atheist.com,webmail domain(atheist.com),webmail,webmail_domains
auctioneer.net,webmail domain(auctioneer.net),webmail,webmail_domains
australiamail.com,webmail domain(australiamail.com),webmail,webmail_domains
bartender.net,webmail domain(bartender.net),webmail,webmail_domains
bellair.net,webmail domain(bellair.net),webmail,webmail_domains
berlin.com,webmail domain(berlin.com),webmail,webmail_domains
bestmail.us,webmail domain(bestmail.us),webmail,webmail_domains
bigpond.com,webmail domain(bigpond.com),webmail,webmail_domains
bigpond.com.au,webmail domain(bigpond.com.au),webmail,webmail_domains
bigpond.net.au,webmail domain(bigpond.net.au),webmail,webmail_domains
bikerider.com,webmail domain(bikerider.com),webmail,webmail_domains
birdlover.com,webmail domain(birdlover.com),webmail,webmail_domains
blader.com,webmail domain(blader.com),webmail,webmail_domains
boardermail.com,webmail domain(boardermail.com),webmail,webmail_domains
brazilmail.com,webmail domain(brazilmail.com),webmail,webmail_domains
brew-master.com,webmail domain(brew-master.com),webmail,webmail_domains
brew-meister.com,webmail domain(brew-meister.com),webmail,webmail_domains
bsdmail.com,webmail domain(bsdmail.com),webmail,webmail_domains
californiamail.com,webmail domain(californiamail.com),webmail,webmail_domains
cash4u.com,webmail domain(cash4u.com),webmail,webmail_domains
catlover.com,webmail domain(catlover.com),webmail,webmail_domains
cheerful.com,webmail domain(cheerful.com),webmail,webmail_domains
chef.net,webmail domain(chef.net),webmail,webmail_domains
chemist.com,webmail domain(chemist.com),webmail,webmail_domains
chinamail.com,webmail domain(chinamail.com),webmail,webmail_domains
clerk.com,webmail domain(clerk.com),webmail,webmail_domains
clubmember.org,webmail domain(clubmember.org),webmail,webmail_domains
cluemail.com,webmail domain(cluemail.com),webmail,webmail_domains
collector.org,webmail domain(collector.org),webmail,webmail_domains
columnist.com,webmail domain(columnist.com),webmail,webmail_domains
comcast.net,webmail domain(comcast.net),webmail,webmail_domains
comic.com,webmail domain(comic.com),webmail,webmail_domains
computer4u.com,webmail domain(computer4u.com),webmail,webmail_domains
consultant.com,webmail domain(consultant.com),webmail,webmail_domains
contractor.net,webmail domain(contractor.net),webmail,webmail_domains
coolsite.net,webmail domain(coolsite.net),webmail,webmail_domains
counsellor.com,webmail domain(counsellor.com),webmail,webmail_domains
cutey.com,webmail domain(cutey.com),webmail,webmail_domains
cyber-wizard.com,webmail domain(cyber-wizard.com),webmail,webmail_domains
cyberdude.com,webmail domain(cyberdude.com),webmail,webmail_domains
cybergal.com,webmail domain(cybergal.com),webmail,webmail_domains
cyberservices.com,webmail domain(cyberservices.com),webmail,webmail_domains
dallasmail.com,webmail domain(dallasmail.com),webmail,webmail_domains
dbzmail.com,webmail domain(dbzmail.com),webmail,webmail_domains
deliveryman.com,webmail domain(deliveryman.com),webmail,webmail_domains
diplomats.com,webmail domain(diplomats.com),webmail,webmail_domains
disciples.com,webmail domain(disciples.com),webmail,webmail_domains
discofan.com,webmail domain(discofan.com),webmail,webmail_domains
disposable.com,webmail domain(disposable.com),webmail,webmail_domains
dispostable.com,webmail domain(dispostable.com),webmail,webmail_domains
doctor.com,webmail domain(doctor.com),webmail,webmail_domains
dodo.com.au,webmail domain(dodo.com.au),webmail,webmail_domains
doglover.com,webmail domain(doglover.com),webmail,webmail_domains
doramail.com,webmail domain(doramail.com),webmail,webmail_domains
dr.com,webmail domain(dr.com),webmail,webmail_domains
dublin.com,webmail domain(dublin.com),webmail,webmail_domains
dutchmail.com,webmail domain(dutchmail.com),webmail,webmail_domains
earthlink.net,webmail domain(earthlink.net),webmail,webmail_domains
elitemail.org,webmail domain(elitemail.org),webmail,webmail_domains
elvisfan.com,webmail domain(elvisfan.com),webmail,webmail_domains
email.com,webmail domain(email.com),webmail,webmail_domains
emailcorner.net,webmail domain(emailcorner.net),webmail,webmail_domains
emailengine.net,webmail domain(emailengine.net),webmail,webmail_domains
emailengine.org,webmail domain(emailengine.org),webmail,webmail_domains
emailgroups.net,webmail domain(emailgroups.net),webmail,webmail_domains
emailplus.org,webmail domain(emailplus.org),webmail,webmail_domains
emailuser.net,webmail domain(emailuser.net),webmail,webmail_domains
eml.cc,webmail domain(eml.cc),webmail,webmail_domains
engineer.com,webmail domain(engineer.com),webmail,webmail_domains
englandmail.com,webmail domain(englandmail.com),webmail,webmail_domains
europe.com,webmail domain(europe.com),webmail,webmail_domains
europemail.com,webmail domain(europemail.com),webmail,webmail_domains
everymail.net,webmail domain(everymail.net),webmail,webmail_domains
everyone.net,webmail domain(everyone.net),webmail,webmail_domains
execs.com,webmail domain(execs.com),webmail,webmail_domains
exemail.com.au,webmail domain(exemail.com.au),webmail,webmail_domains
f-m.fm,webmail domain(f-m.fm),webmail,webmail_domains
facebook.com,webmail domain(facebook.com),webmail,webmail_domains
fast-email.com,webmail domain(fast-email.com),webmail,webmail_domains
fast-mail.org,webmail domain(fast-mail.org),webmail,webmail_domains
fastem.com,webmail domain(fastem.com),webmail,webmail_domains
fastemail.us,webmail domain(fastemail.us),webmail,webmail_domains
fastemailer.com,webmail domain(fastemailer.com),webmail,webmail_domains
fastest.cc,webmail domain(fastest.cc),webmail,webmail_domains
fastimap.com,webmail domain(fastimap.com),webmail,webmail_domains
fastmail.cn,webmail domain(fastmail.cn),webmail,webmail_domains
fastmail.co.uk,webmail domain(fastmail.co.uk),webmail,webmail_domains
fastmail.com.au,webmail domain(fastmail.com.au),webmail,webmail_domains
fastmail.es,webmail domain(fastmail.es),webmail,webmail_domains
fastmail.fm,webmail domain(fastmail.fm),webmail,webmail_domains
fastmail.im,webmail domain(fastmail.im),webmail,webmail_domains
fastmail.in,webmail domain(fastmail.in),webmail,webmail_domains
fastmail.jp,webmail domain(fastmail.jp),webmail,webmail_domains
fastmail.mx,webmail domain(fastmail.mx),webmail,webmail_domains
fastmail.net,webmail domain(fastmail.net),webmail,webmail_domains
fastmail.nl,webmail domain(fastmail.nl),webmail,webmail_domains
fastmail.se,webmail domain(fastmail.se),webmail,webmail_domains
fastmail.to,webmail domain(fastmail.to),webmail,webmail_domains
fastmail.tw,webmail domain(fastmail.tw),webmail,webmail_domains
fastmail.us,webmail domain(fastmail.us),webmail,webmail_domains
fastmailbox.net,webmail domain(fastmailbox.net),webmail,webmail_domains
fastmessaging.com,webmail domain(fastmessaging.com),webmail,webmail_domains
fastservice.com,webmail domain(fastservice.com),webmail,webmail_domains
fea.st,webmail domain(fea.st),webmail,webmail_domains
financier.com,webmail domain(financier.com),webmail,webmail_domains
fireman.net,webmail domain(fireman.net),webmail,webmail_domains
flashmail.com,webmail domain(flashmail.com),webmail,webmail_domains
fmail.co.uk,webmail domain(fmail.co.uk),webmail,webmail_domains
fmailbox.com,webmail domain(fmailbox.com),webmail,webmail_domains
fmgirl.com,webmail domain(fmgirl.com),webmail,webmail_domains
fmguy.com,webmail domain(fmguy.com),webmail,webmail_domains
ftml.net,webmail domain(ftml.net),webmail,webmail_domains
galaxyhit.com,webmail domain(galaxyhit.com),webmail,webmail_domains
gardener.com,webmail domain(gardener.com),webmail,webmail_domains
geologist.com,webmail domain(geologist.com),webmail,webmail_domains
germanymail.com,webmail domain(germanymail.com),webmail,webmail_domains
gmx.com,webmail domain(gmx.com),webmail,webmail_domains
graduate.org,webmail domain(graduate.org),webmail,webmail_domains
graphic-designer.com,webmail domain(graphic-designer.com),webmail,webmail_domains
greenmail.net,webmail domain(greenmail.net),webmail,webmail_domains
groupmail.com,webmail domain(groupmail.com),webmail,webmail_domains
guerillamail.com,webmail domain(guerillamail.com),webmail,webmail_domains
h-mail.us,webmail domain(h-mail.us),webmail,webmail_domains
hackermail.com,webmail domain(hackermail.com),webmail,webmail_domains
hailmail.net,webmail domain(hailmail.net),webmail,webmail_domains
hairdresser.net,webmail domain(hairdresser.net),webmail,webmail_domains
hilarious.com,webmail domain(hilarious.com),webmail,webmail_domains
hiphopfan.com,webmail domain(hiphopfan.com),webmail,webmail_domains
homemail.com,webmail domain(homemail.com),webmail,webmail_domains
hot-shot.com,webmail domain(hot-shot.com),webmail,webmail_domains
hotmail.co.uk,webmail domain(hotmail.co.uk),webmail,webmail_domains
hotmail.com,webmail domain(hotmail.com),webmail,webmail_domains
hotmail.fr,webmail domain(hotmail.fr),webmail,webmail_domains
hotmail.it,webmail domain(hotmail.it),webmail,webmail_domains
housemail.com,webmail domain(housemail.com),webmail,webmail_domains
humanoid.net,webmail domain(humanoid.net),webmail,webmail_domains
hushmail.com,webmail domain(hushmail.com),webmail,webmail_domains
icloud.com,webmail domain(icloud.com),webmail,webmail_domains
iinet.net.au,webmail domain(iinet.net.au),webmail,webmail_domains
imap-mail.com,webmail domain(imap-mail.com),webmail,webmail_domains
imap.cc,webmail domain(imap.cc),webmail,webmail_domains
imapmail.org,webmail domain(imapmail.org),webmail,webmail_domains
iname.com,webmail domain(iname.com),webmail,webmail_domains
inbox.com,webmail domain(inbox.com),webmail,webmail_domains
innocent.com,webmail domain(innocent.com),webmail,webmail_domains
inorbit.com,webmail domain(inorbit.com),webmail,webmail_domains
inoutbox.com,webmail domain(inoutbox.com),webmail,webmail_domains
instruction.com,webmail domain(instruction.com),webmail,webmail_domains
instructor.net,webmail domain(instructor.net),webmail,webmail_domains
insurer.com,webmail domain(insurer.com),webmail,webmail_domains
internet-e-mail.com,webmail domain(internet-e-mail.com),webmail,webmail_domains
internet-mail.org,webmail domain(internet-mail.org),webmail,webmail_domains
internetemails.net,webmail domain(internetemails.net),webmail,webmail_domains
internetmailing.net,webmail domain(internetmailing.net),webmail,webmail_domains
internode.on.net,webmail domain(internode.on.net),webmail,webmail_domains
iprimus.com.au,webmail domain(iprimus.com.au),webmail,webmail_domains
irelandmail.com,webmail domain(irelandmail.com),webmail,webmail_domains
israelmail.com,webmail domain(israelmail.com),webmail,webmail_domains
italymail.com,webmail domain(italymail.com),webmail,webmail_domains
jetemail.net,webmail domain(jetemail.net),webmail,webmail_domains
job4u.com,webmail domain(job4u.com),webmail,webmail_domains
journalist.com,webmail domain(journalist.com),webmail,webmail_domains
justemail.net,webmail domain(justemail.net),webmail,webmail_domains
keromail.com,webmail domain(keromail.com),webmail,webmail_domains
kissfans.com,webmail domain(kissfans.com),webmail,webmail_domains
kittymail.com,webmail domain(kittymail.com),webmail,webmail_domains
koreamail.com,webmail domain(koreamail.com),webmail,webmail_domains
lawyer.com,webmail domain(lawyer.com),webmail,webmail_domains
legislator.com,webmail domain(legislator.com),webmail,webmail_domains
letterboxes.org,webmail domain(letterboxes.org),webmail,webmail_domains
linuxmail.org,webmail domain(linuxmail.org),webmail,webmail_domains
live.co.uk,webmail domain(live.co.uk),webmail,webmail_domains
live.com,webmail domain(live.com),webmail,webmail_domains
live.com.au,webmail domain(live.com.au),webmail,webmail_domains
lobbyist.com,webmail domain(lobbyist.com),webmail,webmail_domains
lovecat.com,webmail domain(lovecat.com),webmail,webmail_domains
lycos.com,webmail domain(lycos.com),webmail,webmail_domains
mac.com,webmail domain(mac.com),webmail,webmail_domains
madonnafan.com,webmail domain(madonnafan.com),webmail,webmail_domains
mail-central.com,webmail domain(mail-central.com),webmail,webmail_domains
mail-me.com,webmail domain(mail-me.com),webmail,webmail_domains
mail-page.com,webmail domain(mail-page.com),webmail,webmail_domains
mail.com,webmail domain(mail.com),webmail,webmail_domains
mail.ru,webmail domain(mail.ru),webmail,webmail_domains
mailandftp.com,webmail domain(mailandftp.com),webmail,webmail_domains
mailas.com,webmail domain(mailas.com),webmail,webmail_domains
mailbolt.com,webmail domain(mailbolt.com),webmail,webmail_domains
mailc.net,webmail domain(mailc.net),webmail,webmail_domains
mailcan.com,webmail domain(mailcan.com),webmail,webmail_domains
mailforce.net,webmail domain(mailforce.net),webmail,webmail_domains
mailftp.com,webmail domain(mailftp.com),webmail,webmail_domains
mailhaven.com,webmail domain(mailhaven.com),webmail,webmail_domains
mailinator.com,webmail domain(mailinator.com),webmail,webmail_domains
mailingaddress.org,webmail domain(mailingaddress.org),webmail,webmail_domains
mailite.com,webmail domain(mailite.com),webmail,webmail_domains
mailmight.com,webmail domain(mailmight.com),webmail,webmail_domains
mailnew.com,webmail domain(mailnew.com),webmail,webmail_domains
mailsent.net,webmail domain(mailsent.net),webmail,webmail_domains
mailservice.ms,webmail domain(mailservice.ms),webmail,webmail_domains
mailup.net,webmail domain(mailup.net),webmail,webmail_domains
mailworks.org,webmail domain(mailworks.org),webmail,webmail_domains
marchmail.com,webmail domain(marchmail.com),webmail,webmail_domains
me.com,webmail domain(me.com),webmail,webmail_domains
metalfan.com,webmail domain(metalfan.com),webmail,webmail_domains
mexicomail.com,webmail domain(mexicomail.com),webmail,webmail_domains
minister.com,webmail domain(minister.com),webmail,webmail_domains
ml1.net,webmail domain(ml1.net),webmail,webmail_domains
mm.st,webmail domain(mm.st),webmail,webmail_domains
moscowmail.com,webmail domain(moscowmail.com),webmail,webmail_domains
msn.com,webmail domain(msn.com),webmail,webmail_domains
munich.com,webmail domain(munich.com),webmail,webmail_domains
musician.org,webmail domain(musician.org),webmail,webmail_domains
muslim.com,webmail domain(muslim.com),webmail,webmail_domains
myfastmail.com,webmail domain(myfastmail.com),webmail,webmail_domains
mymacmail.com,webmail domain(mymacmail.com),webmail,webmail_domains
myself.com,webmail domain(myself.com),webmail,webmail_domains
net-shopping.com,webmail domain(net-shopping.com),webmail,webmail_domains
netspace.net.au,webmail domain(netspace.net.au),webmail,webmail_domains
ninfan.com,webmail domain(ninfan.com),webmail,webmail_domains
nonpartisan.com,webmail domain(nonpartisan.com),webmail,webmail_domains
nospammail.net,webmail domain(nospammail.net),webmail,webmail_domains
null.net,webmail domain(null.net),webmail,webmail_domains
nycmail.com,webmail domain(nycmail.com),webmail,webmail_domains
oath.com,webmail domain(oath.com),webmail,webmail_domains
onebox.com,webmail domain(onebox.com),webmail,webmail_domains
operamail.com,webmail domain(operamail.com),webmail,webmail_domains
optician.com,webmail domain(optician.com),webmail,webmail_domains
optusnet.com.au,webmail domain(optusnet.com.au),webmail,webmail_domains
orthodontist.net,webmail domain(orthodontist.net),webmail,webmail_domains
outlook.com,webmail domain(outlook.com),webmail,webmail_domains
ownmail.net,webmail domain(ownmail.net),webmail,webmail_domains
pacific-ocean.com,webmail domain(pacific-ocean.com),webmail,webmail_domains
pacificwest.com,webmail domain(pacificwest.com),webmail,webmail_domains
pediatrician.com,webmail domain(pediatrician.com),webmail,webmail_domains
petlover.com,webmail domain(petlover.com),webmail,webmail_domains
petml.com,webmail domain(petml.com),webmail,webmail_domains
photographer.net,webmail domain(photographer.net),webmail,webmail_domains
physicist.net,webmail domain(physicist.net),webmail,webmail_domains
planetmail.com,webmail domain(planetmail.com),webmail,webmail_domains
planetmail.net,webmail domain(planetmail.net),webmail,webmail_domains
polandmail.com,webmail domain(polandmail.com),webmail,webmail_domains
politician.com,webmail domain(politician.com),webmail,webmail_domains
post.com,webmail domain(post.com),webmail,webmail_domains
postinbox.com,webmail domain(postinbox.com),webmail,webmail_domains
postpro.net,webmail domain(postpro.net),webmail,webmail_domains
presidency.com,webmail domain(presidency.com),webmail,webmail_domains
priest.com,webmail domain(priest.com),webmail,webmail_domains
programmer.net,webmail domain(programmer.net),webmail,webmail_domains
proinbox.com,webmail domain(proinbox.com),webmail,webmail_domains
promessage.com,webmail domain(promessage.com),webmail,webmail_domains
protestant.com,webmail domain(protestant.com),webmail,webmail_domains
publicist.com,webmail domain(publicist.com),webmail,webmail_domains
qmail.com,webmail domain(qmail.com),webmail,webmail_domains
qq.com,webmail domain(qq.com),webmail,webmail_domains
qualityservice.com,webmail domain(qualityservice.com),webmail,webmail_domains
radiologist.net,webmail domain(radiologist.net),webmail,webmail_domains
ravemail.com,webmail domain(ravemail.com),webmail,webmail_domains
realemail.net,webmail domain(realemail.net),webmail,webmail_domains
reallyfast.biz,webmail domain(reallyfast.biz),webmail,webmail_domains
reallyfast.info,webmail domain(reallyfast.info),webmail,webmail_domains
realtyagent.com,webmail domain(realtyagent.com),webmail,webmail_domains
reborn.com,webmail domain(reborn.com),webmail,webmail_domains
rediff.com,webmail domain(rediff.com),webmail,webmail_domains
reggaefan.com,webmail domain(reggaefan.com),webmail,webmail_domains
registerednurses.com,webmail domain(registerednurses.com),webmail,webmail_domains
reincarnate.com,webmail domain(reincarnate.com),webmail,webmail_domains
religious.com,webmail domain(religious.com),webmail,webmail_domains
repairman.com,webmail domain(repairman.com),webmail,webmail_domains
representative.com,webmail domain(representative.com),webmail,webmail_domains
rescueteam.com,webmail domain(rescueteam.com),webmail,webmail_domains
rocketmail.com,webmail domain(rocketmail.com),webmail,webmail_domains
rocketship.com,webmail domain(rocketship.com),webmail,webmail_domains
runbox.com,webmail domain(runbox.com),webmail,webmail_domains
rushpost.com,webmail domain(rushpost.com),webmail,webmail_domains
safrica.com,webmail domain(safrica.com),webmail,webmail_domains
saintly.com,webmail domain(saintly.com),webmail,webmail_domains
salesperson.net,webmail domain(salesperson.net),webmail,webmail_domains
samerica.com,webmail domain(samerica.com),webmail,webmail_domains
sanfranmail.com,webmail domain(sanfranmail.com),webmail,webmail_domains
scientist.com,webmail domain(scientist.com),webmail,webmail_domains
scotlandmail.com,webmail domain(scotlandmail.com),webmail,webmail_domains
secretary.net,webmail domain(secretary.net),webmail,webmail_domains
sent.as,webmail domain(sent.as),webmail,webmail_domains
sent.at,webmail domain(sent.at),webmail,webmail_domains
sent.com,webmail domain(sent.com),webmail,webmail_domains
seznam.cz,webmail domain(seznam.cz),webmail,webmail_domains
snakebite.com,webmail domain(snakebite.com),webmail,webmail_domains
socialworker.net,webmail domain(socialworker.net),webmail,webmail_domains
sociologist.com,webmail domain(sociologist.com),webmail,webmail_domains
solution4u.com,webmail domain(solution4u.com),webmail,webmail_domains
songwriter.net,webmail domain(songwriter.net),webmail,webmail_domains
spainmail.com,webmail domain(spainmail.com),webmail,webmail_domains
spamgourmet.com,webmail domain(spamgourmet.com),webmail,webmail_domains
speedpost.net,webmail domain(speedpost.net),webmail,webmail_domains
speedymail.org,webmail domain(speedymail.org),webmail,webmail_domains
ssl-mail.com,webmail domain(ssl-mail.com),webmail,webmail_domains
surgical.net,webmail domain(surgical.net),webmail,webmail_domains
swedenmail.com,webmail domain(swedenmail.com),webmail,webmail_domains
swift-mail.com,webmail domain(swift-mail.com),webmail,webmail_domains
swissmail.com,webmail domain(swissmail.com),webmail,webmail_domains
teachers.org,webmail domain(teachers.org),webmail,webmail_domains
tech-center.com,webmail domain(tech-center.com),webmail,webmail_domains
techie.com,webmail domain(techie.com),webmail,webmail_domains
technologist.com,webmail domain(technologist.com),webmail,webmail_domains
telstra.com,webmail domain(telstra.com),webmail,webmail_domains
telstra.com.au,webmail domain(telstra.com.au),webmail,webmail_domains
the-fastest.net,webmail domain(the-fastest.net),webmail,webmail_domains
the-quickest.com,webmail domain(the-quickest.com),webmail,webmail_domains
theinternetemail.com,webmail domain(theinternetemail.com),webmail,webmail_domains
theplate.com,webmail domain(theplate.com),webmail,webmail_domains
therapist.net,webmail domain(therapist.net),webmail,webmail_domains
toke.com,webmail domain(toke.com),webmail,webmail_domains
toothfairy.com,webmail domain(toothfairy.com),webmail,webmail_domains
torontomail.com,webmail domain(torontomail.com),webmail,webmail_domains
tpg.com.au,webmail domain(tpg.com.au),webmail,webmail_domains
trashmail.net,webmail domain(trashmail.net),webmail,webmail_domains
tvstar.com,webmail domain(tvstar.com),webmail,webmail_domains
umpire.com,webmail domain(umpire.com),webmail,webmail_domains
usa.com,webmail domain(usa.com),webmail,webmail_domains
uymail.com,webmail domain(uymail.com),webmail,webmail_domains
veryfast.biz,webmail domain(veryfast.biz),webmail,webmail_domains
veryspeedy.net,webmail domain(veryspeedy.net),webmail,webmail_domains
virginbroadband.com.au,webmail domain(virginbroadband.com.au),webmail,webmail_domains
walla.com,webmail domain(walla.com),webmail,webmail_domains
walla.co.il,webmail domain(walla.co.il),webmail,webmail_domains
warpmail.net,webmail domain(warpmail.net),webmail,webmail_domains
webname.com,webmail domain(webname.com),webmail,webmail_domains
westnet.com.au,webmail domain(westnet.com.au),webmail,webmail_domains
windowslive.com,webmail domain(windowslive.com),webmail,webmail_domains
worker.com,webmail domain(worker.com),webmail,webmail_domains
workmail.com,webmail domain(workmail.com),webmail,webmail_domains
writeme.com,webmail domain(writeme.com),webmail,webmail_domains
xsmail.com,webmail domain(xsmail.com),webmail,webmail_domains
xtra.co.nz,webmail domain(xtra.co.nz),webmail,webmail_domains
y7mail.com,webmail domain(y7mail.com),webmail,webmail_domains
yandex.ru,webmail domain(yandex.ru),webmail,webmail_domains
yepmail.net,webmail domain(yepmail.net),webmail,webmail_domains
ymail.com,webmail domain(ymail.com),webmail,webmail_domains
your-mail.com,webmail domain(your-mail.com),webmail,webmail_domains
gmx.at,webmail domain(gmx.at),webmail,webmail_domains
gmx.de,webmail domain(gmx.de),webmail,webmail_domains
gmx.ch,webmail domain(gmx.ch),webmail,webmail_domains
gmx.li,webmail domain(gmx.li),webmail,webmail_domains
ive.fr,webmail domain(ive.fr),webmail,webmail_domains
live.at,webmail domain(live.at),webmail,webmail_domains
hotmail.de,webmail domain(hotmail.de),webmail,webmail_domains
hotmail.nl,webmail domain(hotmail.nl),webmail,webmail_domains
hotmail.es,webmail domain(hotmail.es),webmail,webmail_domains
outlook.de,webmail domain(outlook.de),webmail,webmail_domains
outlook.fr,webmail domain(outlook.fr),webmail,webmail_domains
outlook.at,webmail domain(outlook.at),webmail,webmail_domains
